<?xml version='1.0' encoding='utf-8'?>
<!DOCTYPE hibernate-configuration PUBLIC "-//Hibernate/Hibernate Configuration DTD 3.0//EN"
"http://www.hibernate.org/dtd/hibernate-configuration-3.0.dtd">
<hibernate-configuration>
	<session-factory>
		<!-- Configuración de conexión a la base de datos -->
		<property name="connection.driver_class">com.mysql.jdbc.Driver</property>
		<property name="connection.url">jdbc:mysql://localhost/ProyectosHibernate</property>
		<property name="connection.username">root</property>
		<property name="connection.password"></property>
		<!-- Pool de conexiones JDBC (se usa la que viene por defecto) -->
		<property name="connection.pool_size">1</property>
		<!-- Dialecto SQL -->
		<property name="dialect">org.hibernate.dialect.MySQLDialect</property>
		<!-- Habilita el gestor de contextos de sesión automático de Hibernate -->
		<property name="current_session_context_class">thread</property>
		<!-- Desactiva la caché de segundo nivel -->
		<property name="cache.provider_class">org.hibernate.cache.NoCacheProvider</property>
		<!-- Muestra en la consola todas las consultas SQL ejecutadas -->
		<property name="show_sql">false</property>
		<!-- Update si no existe lo crea Elimina y vuelve a crear el esquema de 
			la base de datos al iniciar si siempre esta sin comentar cada vez que lo 
			ejecuto crea las tablas -->
		<property name="hbm2ddl.auto">update</property>
		<!-- Mapea las siguientes clases anotadas -->
		<mapping class="classes.Proyectos" />
		<mapping class="classes.Trabajadores" />
		<mapping class="classes.TrabajadorProyecto" />
		<mapping class="classes.Departamentos" />
		<mapping class="classes.Trabajadores_Nominas" />
		
	</session-factory>
</hibernate-configuration>